node,following
spookperson,violentlyepic
violentlyepic,spookperson
spookperson,Braingetter
Braingetter,spookperson
spookperson,detachment_red
detachment_red,spookperson
spookperson,jil_slander
jil_slander,spookperson
spookperson,HammerFist3
spookperson,echo_echoechoes
echo_echoechoes,spookperson
spookperson,larrydavidsson
spookperson,cottoncandaddy
memetazaa,noastuff
noastuff,memetazaa
memetazaa,cal_gif
cal_gif,memetazaa
violentlyepic,Braingetter
Braingetter,violentlyepic
internetkendra,violentlyepic
violentlyepic,HammerFist3
HammerFist3,violentlyepic
violentlyepic,larrydavidsson
larrydavidsson,violentlyepic
samdanes26,fballanalysis
fballanalysis,samdanes26
italchicc,dudeoverboard
dudeoverboard,italchicc
keonijohnsonn,conangray
keonijohnsonn,amadijuana
glitter_bat_,dezrainh
dezrainh,glitter_bat_
gwsbishh,glitter_bat_
reignhellforbex,glitter_bat_
glitter_bat_,shananig0ns
shananig0ns,glitter_bat_
iamsonofodin,glitter_bat_
glitter_bat_,thatbitchmegara
thatbitchmegara,glitter_bat_
glitter_bat_,reinecitrouille
reinecitrouille,glitter_bat_
glitter_bat_,darlingdiablita
darlingdiablita,glitter_bat_
nikkierinehart1,glitter_bat_
davehill77,sbellelauren
sbellelauren,davehill77
davehill77,Seinfeld2000
dezrainh,ledbymisf0rtune
ledbymisf0rtune,dezrainh
dezrainh,10yroldad
10yroldad,dezrainh
AlifWowBaeSheen,itx_fantasygirl
_butnotyours_,ithesleepypanda
AlifWowBaeSheen,_butnotyours_
stan_oxygen,wanabikoul
wanabikoul,stan_oxygen
stan_oxygen,NervousMichael
NervousMichael,stan_oxygen
stan_oxygen,WHlTEMONSTER
WHlTEMONSTER,stan_oxygen
gwsbishh,conangray
gwsbishh,quiet02k
gwsbishh,MaggieLindemann
reignhellforbex,cottoncandaddy
reignhellforbex,shananig0ns
shananig0ns,reignhellforbex
reignhellforbex,quiet02k
quiet02k,reignhellforbex
reignhellforbex,kyotokev
kyotokev,reignhellforbex
reignhellforbex,fuckingeuphoric
fuckingeuphoric,reignhellforbex
reignhellforbex,exhaustedbyebye
exhaustedbyebye,reignhellforbex
jamieaikee,Alysahkvelez
Alysahkvelez,jamieaikee
internetkendra,Braingetter
Braingetter,larrydavidsson
larrydavidsson,Braingetter
cal_gif,Braingetter
internetkendra,jil_slander
internetkendra,HammerFist3
HammerFist3,Seinfeld2000
noastuff,farringt0n
noastuff,dumbricardo
foreignmofoz,cal_gif
cal_gif,cottoncandaddy
farringt0n,dumbricardo
dumbricardo,farringt0n
verygayrae,farringt0n
beratings,dumbricardo
dumbricardo,beratings
AlpSall,dumbricardo
dumbricardo,softsadsatan
softsadsatan,dumbricardo
nikkierinehart1,conangray
fallawayava,conangray
softsadsatan,MaggieLindemann
shananig0ns,reinecitrouille
reinecitrouille,shananig0ns
thatbitchmegara,darlingdiablita
reinecitrouille,darlingdiablita
darlingdiablita,reinecitrouille
nikkierinehart1,MaggieLindemann
rushid930,Seinfeld2000
kissmedontbite,wanabikoul
wanabikoul,starvents
starvents,wanabikoul
kissmedontbite,starvents
kissmedontbite,WHlTEMONSTER
starvents,awakenlbs
awakenlbs,WHlTEMONSTER
WHlTEMONSTER,awakenlbs
quiet02k,ODpriest
ODpriest,quiet02k
fuckingeuphoric,exhaustedbyebye
ODpriest,ALTHOTTY
ALTHOTTY,ODpriest
